{"total_ovens":617,"created_ovens":617,"liquidated_ovens":151,"TVL":1624746.89934,"total_supply":458427.91623,"collateral_supply":126.67805}